Job Title,Company Name,Location,Salary Range,Experience Level,Post Date
Backend Developer,Dext Technology,"Kumasi, GH","₵120,000 - ₵140,000",Mid-Level,2026-09-01
Cloud Engineer,Amazon,Remote,"₵12,000",Senior,2026-09-02
Data Scientist,Google,"California, US","₵150,000 - ₵180,000",Entry-Level,2026-09-02
Cybersecurity Analyst,Cybanext Technology,Remote,"₵110,000 - ₵130,000",Mid-Level,2026-09-03
Python Developer,MTN,"Accra, GH","₵115,000",Junior,2026-09-04
Data Scientist,Google,"California, US","₵150,000 - ₵180,000",Senior,2026-09-02
Software Engineer,MTN,"Tema, GH","₵120,000 - ₵140,000",Mid-Level,2026-09-01
Cybersecurity Analyst,IPMC,Remote,"₵110,000 - ₵130,000",Mid-Level,2026-09-03
Frontend Developer,Codigits,"Accra, GH",Not Specified,Junior,2026-09-05
Data Scientist,Eightyseven Technology &It Solutions,"Kumasi, GH","₵150,000 - ₵180,000",Not Specified,2026-09-02
Software Engineer,Flutterwave,"Accra, GH","₵7,000 - ₵9,000",Mid-Level,2026-09-06
Python Intern,CareerGhana,"Kumasi, GH",Unpaid,Intern,2026-09-07
